chromosome	base_pair_location	effect_allele	other_allele	beta	standard_error	effect_allele_frequency	p_value	variant_id	allele_count	n_cases	n_controls	Tstat	pval_SAIGE_NoSPA	Is_Converged	varT	varTstar	hm_coordinate_conversion	hm_code	rsid
1	11100	C	A	2.46	3.83	0.999968	5.20e-01	rs570736517	25.525	3191	401005	-0.168	5.20e-01	1	0.0682	0.0693	lo	11	rs1274245549
1	12672	T	C	1.32	4.98	4.1e-05	7.91e-01	rs562340412	33.263	3191	401005	0.0531	7.91e-01	1	0.0402	0.0409	lo	10	rs1419072050
1	12673	A	G	2.7	1.62	9.5e-05	9.48e-02	1_143130434_G_A	76.906	3191	401005	1.03	9.48e-02	1	0.382	0.388	lo	10	rs1476353024
1	12990	G	A	-4.85	2.48	0.999922	5.05e-02	1_142548424_G_A	63.294	3191	401005	0.788	5.05e-02	1	0.162	0.165	lo	11	rs1294931767
1	13169	G	A	0.121	0.343	0.997318	7.24e-01	rs183821775	2168.141	3191	401005	-1.03	7.24e-01	1	8.51	8.64	lo	13	rs1436530583
1	13178	A	G	-1.02	0.887	0.00061	2.51e-01	rs556412539	493.173	3191	401005	-1.3	2.51e-01	1	1.27	1.29	lo	12	rs1181355646
1	13283	T	C	-2.27	3.07	4.9e-05	4.59e-01	rs763607632	39.725	3191	401005	-0.241	4.59e-01	1	0.106	0.108	lo	12	rs1192086427
1	14971	T	C	1.4	2.75	0.999953	6.10e-01	rs138359276	37.612	3191	401005	-0.186	6.10e-01	1	0.133	0.135	lo	13	rs1238549125
1	15083	C	T	-0.891	1.48	0.999737	5.48e-01	1_143132844_G_A	212.776	3191	401005	0.404	5.48e-01	1	0.454	0.461	lo	13	rs1256984655
